,city,lng,lat,max temp,humidity,cloudiness,wind speed,country,date
0,Atuona,-139.0333,-9.8,77.36,67,14,17.63,PF,1627519172
1,New Norfolk,147.0587,-42.7826,50.72,61,97,8.5,AU,1627519173
2,St. George's,-61.7485,12.0564,80.28,83,40,20.71,GD,1627519173
3,Den Helder,4.7593,52.9599,61.99,81,90,19.57,NL,1627519173
4,Lázaro Cárdenas,-102.2,17.9583,82.4,75,91,3.91,MX,1627519174
5,Cape Town,18.4232,-33.9258,55.11,76,75,5.01,ZA,1627519163
6,Ibrā’,58.5334,22.6906,86.79,45,37,4.76,OM,1627519174
7,Saskylakh,114.0833,71.9167,69.53,38,100,15.97,RU,1627519174
8,Dvinskoy,45.1175,62.1535,52.54,75,6,1.43,RU,1627519175
9,Cidreira,-50.2056,-30.1811,46.15,70,88,22.26,BR,1627519175
10,Yellowknife,-114.3525,62.456,68.29,63,40,9.22,CA,1627519075
11,Ibb,44.1833,13.9667,66.45,86,98,4.88,YE,1627519176
12,Rikitea,-134.9692,-23.1203,73.81,79,96,14.45,PF,1627518909
13,Ilulissat,-51.1,69.2167,50.02,66,8,3.44,GL,1627519176
14,Busselton,115.3333,-33.65,59.09,76,40,25.5,AU,1627519176
15,Upernavik,-56.1549,72.7868,46.63,82,100,10.54,GL,1627519177
16,San Patricio,-97.5169,28.017,87.78,63,4,12.24,US,1627519177
17,Taoudenni,-3.9836,22.6783,99.43,20,1,9.48,ML,1627519177
18,Lyubinskiy,72.6925,55.1542,51.48,84,4,6.67,RU,1627519178
19,Puerto Peñasco,-113.5333,31.3167,90.91,71,0,5.99,MX,1627519178
20,Hithadhoo,73.0833,-0.6,79.2,76,100,3.22,MV,1627519179
21,Albany,-73.9662,42.6001,69.75,79,25,2.26,US,1627518913
22,Epe,3.9834,6.5841,74.39,89,100,4.41,NG,1627519179
23,Vaini,-175.2,-21.2,75.36,78,20,6.91,TO,1627519179
24,Punta Arenas,-70.9167,-53.15,46.51,76,0,12.66,CL,1627518993
25,Dhidhdhoo,73.1,6.8833,82.47,75,99,14.12,MV,1627519180
26,Lebu,-73.65,-37.6167,49.24,79,0,8.01,CL,1627519180
27,Faanui,-151.75,-16.4833,78.19,69,42,2.95,PF,1627519181
28,Hobart,147.3294,-42.8794,51.06,67,20,5.99,AU,1627519076
29,Puerto Ayora,-90.3518,-0.7393,71.46,89,67,7.09,EC,1627519181
30,Thompson,-97.8558,55.7435,62.76,51,75,6.91,CA,1627519182
31,Carballo,-8.691,43.213,63.01,90,18,5.21,ES,1627519182
32,Virār,72.8,19.4667,82.49,84,100,19.08,IN,1627519182
33,Swan Hill,143.5544,-35.3378,55.38,54,2,11.03,AU,1627519183
34,Ushuaia,-68.3,-54.8,42.46,81,40,8.05,AR,1627518931
35,Kapaa,-159.319,22.0752,86.32,69,40,5.01,US,1627519115
36,Tegul'det,88.1667,57.3064,58.68,72,100,2.44,RU,1627519184
37,Bria,21.9863,6.5423,68.49,97,100,2.68,CF,1627519184
38,Tual,132.75,-5.6667,80.96,82,99,18.03,ID,1627519185
39,Gold Coast,153.4333,-28.0,76.19,65,67,1.01,AU,1627519185
40,Mindelo,-24.9804,16.8901,75.02,74,75,11.16,CV,1627519185
41,Butaritari,172.7902,3.0707,82.85,71,15,10.18,KI,1627519186
42,Tautira,-149.15,-17.7333,84.22,78,39,5.82,PF,1627519186
43,Cairns,145.7667,-16.9167,90.95,68,5,8.05,AU,1627519187
44,Barrow,-156.7887,71.2906,44.62,87,90,19.57,US,1627518902
45,Bredasdorp,20.0403,-34.5322,47.52,71,28,8.05,ZA,1627519187
46,Nizhniy Tsasuchey,115.1333,50.5167,72.28,60,1,3.31,RU,1627519187
47,Naze,129.4833,28.3667,79.72,85,37,8.77,JP,1627519188
48,Bajil,43.2851,15.0584,86.7,62,72,4.88,YE,1627519188
49,Inhambane,35.3833,-23.865,64.22,70,0,2.04,MZ,1627519189
50,Tanguá,-42.7142,-22.7303,60.48,96,100,4.56,BR,1627519189
51,Vaitape,-151.75,-16.5167,78.15,70,40,2.86,PF,1627519190
52,Parabel',81.4825,58.6978,59.52,75,75,8.55,RU,1627519190
53,Lamu,40.902,-2.2717,73.62,81,9,14.58,KE,1627519190
54,Şebinkarahisar,38.4236,40.2883,56.16,82,81,0.4,TR,1627519190
55,Hualmay,-77.6139,-11.0964,64.62,81,68,11.81,PE,1627519191
56,Yulara,130.9889,-25.2406,58.84,58,0,4.61,AU,1627519191
57,Kloulklubed,134.2556,7.0419,84.7,75,46,6.26,PW,1627519191
58,Mataura,168.8643,-46.1927,54.48,72,55,4.94,NZ,1627519192
59,Souillac,57.5167,-20.5167,71.98,68,75,20.71,MU,1627519192
60,Marawi,124.2928,7.9986,77.65,53,100,4.34,PH,1627519192
61,Carnarvon,113.6333,-24.8667,68.07,60,40,5.75,AU,1627519193
62,Kruisfontein,24.7314,-34.0033,45.88,89,16,6.4,ZA,1627519193
63,Terney,136.6092,45.0503,79.56,62,3,4.34,RU,1627519193
64,Tasiilaq,-37.6368,65.6145,48.36,69,85,5.48,GL,1627519194
65,Sur,59.5289,22.5667,93.58,44,35,15.64,OM,1627519141
66,Snåase,12.3778,64.2457,63.72,63,32,2.95,NO,1627519194
67,Coquimbo,-71.3436,-29.9533,49.73,87,20,5.75,CL,1627519195
68,Bemidji,-94.8803,47.4736,84.49,68,40,16.11,US,1627519018
69,George Town,100.3354,5.4112,77.9,93,40,1.99,MY,1627519106
70,Egvekinot,-179.1667,66.3167,38.12,96,100,5.03,RU,1627519195
71,Bonnyville,-110.735,54.2668,82.2,25,4,9.4,CA,1627519196
72,Kajaani,27.7285,64.2273,55.45,88,0,0.0,FI,1627519196
73,Avarua,-159.775,-21.2078,69.85,94,90,6.91,CK,1627518914
74,Hong Kong,114.1577,22.2855,88.32,84,96,1.01,HK,1627518905
75,Mayor Pablo Lagerenza,-60.7718,-19.9309,60.49,16,100,6.02,PY,1627519196
76,Kalmunai,81.8167,7.4167,80.46,71,98,1.36,LK,1627519197
77,Batken,71.0,39.8333,63.3,45,6,1.05,KG,1627519197
78,Riyadh,46.7219,24.6877,93.34,15,100,7.4,SA,1627518994
79,Sarangani,125.4636,5.4033,84.07,75,73,7.2,PH,1627519198
80,Touros,-35.4608,-5.1989,77.9,84,10,13.33,BR,1627519198
81,Cherskiy,161.3,68.75,36.93,89,100,17.67,RU,1627519199
82,Yangi Marg`ilon,71.7189,40.4272,72.82,26,52,3.06,UZ,1627519199
83,Poum,164.0167,-20.2333,73.62,63,0,16.96,NC,1627519199
84,Codrington,141.9667,-38.2667,54.28,74,5,12.01,AU,1627519200
85,Ust'-Omchug,149.6333,61.15,41.85,90,100,4.43,RU,1627519200
86,Kristiansund,7.732,63.1115,62.65,88,40,3.44,NO,1627519200
87,Lavrentiya,-171.0,65.5833,44.56,98,100,9.64,RU,1627519201
88,Margate,1.3862,51.3813,58.3,84,0,1.99,GB,1627519201
89,Mahébourg,57.7,-20.4081,71.89,68,75,20.71,MU,1627519202
90,Castro,-50.0119,-24.7911,38.46,62,6,10.11,BR,1627519202
91,Alofi,-169.9187,-19.0595,78.69,78,75,9.22,NU,1627519202
92,Bethel,-73.414,41.3712,73.71,73,1,0.0,US,1627518905
93,Bloemfontein,26.214,-29.1211,33.28,64,0,1.14,ZA,1627519036
94,São Filipe,-24.4956,14.8961,74.88,77,100,5.03,CV,1627519209
95,Chui,-53.4616,-33.6971,42.15,75,34,15.19,UY,1627519209
96,Port Elizabeth,25.5701,-33.918,52.09,87,0,6.91,ZA,1627519210
97,Porto Santo,-16.3415,33.072,70.18,78,40,12.66,PT,1627519210
98,Gediz,29.41,39.0417,64.8,56,0,6.82,TR,1627519210
99,Bilma,12.9164,18.6853,92.79,32,42,7.18,NE,1627519211
100,Beyneu,55.2,45.3167,72.12,40,0,11.86,KZ,1627519211
101,Bintulu,113.0333,3.1667,81.01,88,20,5.99,MY,1627519211
102,Constitución,-72.4167,-35.3333,49.87,60,0,6.06,CL,1627519212
103,Arraial do Cabo,-42.0278,-22.9661,64.47,86,100,19.01,BR,1627519212
104,Vila Velha,-40.2925,-20.3297,71.55,83,20,6.91,BR,1627519213
105,Kuching,110.3333,1.55,75.42,94,20,0.0,MY,1627519177
106,Moerai,-151.3333,-22.4333,72.07,71,14,7.78,PF,1627519213
107,Chokurdakh,147.9167,70.6333,43.57,64,100,9.89,RU,1627519213
108,Geraldton,114.6,-28.7667,64.13,88,75,16.11,AU,1627519214
109,Ancud,-73.8203,-41.8697,45.93,91,8,4.88,CL,1627519214
110,Dikson,80.5464,73.5069,38.44,96,100,10.58,RU,1627519214
111,Barranca,-77.7667,-10.75,63.7,83,75,10.45,PE,1627519215
112,Roald,6.1333,62.5833,63.91,94,40,5.75,NO,1627519215
113,Qaanaaq,-69.3632,77.484,42.21,97,100,0.87,GL,1627519216
114,Anadyr,177.4833,64.75,52.3,66,75,15.01,RU,1627519216
115,Vardø,31.1107,70.3705,47.05,91,100,5.59,NO,1627519216
116,Aklavik,-135.0107,68.2191,68.72,83,100,2.84,CA,1627519217
117,Airai,125.4092,-8.9266,72.52,33,13,4.0,TL,1627519217
118,Chicama,-79.1469,-7.8447,63.14,82,73,8.48,PE,1627519217
119,Muisne,-80.0333,0.6,76.33,88,99,9.62,EC,1627519218
120,Voi,38.563,-3.3945,65.59,84,12,8.61,KE,1627519218
121,Mount Isa,139.5,-20.7333,76.77,27,0,5.75,AU,1627519219
122,Palana,159.9667,59.1167,51.3,65,100,8.1,RU,1627519219
123,Yerofey Pavlovich,121.9667,53.9667,67.37,76,77,5.26,RU,1627519220
124,Irámuco,-100.9167,19.95,69.91,49,75,12.66,MX,1627519220
125,Namwala,26.4384,-15.7504,51.96,65,100,4.32,ZM,1627519097
126,Saint Paul Harbor,-152.4072,57.79,58.51,63,90,6.91,US,1627519221
127,Eenhana,16.3333,-17.4667,49.75,37,99,6.76,NA,1627519221
128,Rocha,-54.3333,-34.4833,43.3,67,73,16.58,UY,1627519221
129,Norman Wells,-126.8329,65.282,62.64,82,75,6.91,CA,1627519222
130,Padang,100.3543,-0.9492,75.25,82,28,2.04,ID,1627519222
131,Bluff,168.3333,-46.6,54.81,70,83,7.52,NZ,1627518904
132,Port Hedland,118.5667,-20.3167,68.05,68,3,11.5,AU,1627519222
133,Sun City West,-112.3413,33.662,107.01,23,1,3.0,US,1627519223
134,Ende,121.6623,-8.8432,82.06,68,47,6.42,ID,1627519223
135,Comodoro Rivadavia,-67.5,-45.8667,48.06,57,0,12.66,AR,1627519023
136,Kahului,-156.47,20.8947,86.02,78,40,20.71,US,1627519223
137,Severo-Yeniseyskiy,93.0408,60.3725,50.67,96,100,3.2,RU,1627519224
138,Jamestown,-79.2353,42.097,74.52,60,1,6.91,US,1627519054
139,Salinópolis,-47.3561,-0.6136,77.86,85,8,8.63,BR,1627519224
140,Ovsyanka,92.5519,55.9575,54.57,65,100,3.15,RU,1627519225
141,Narsaq,-46.05,60.9167,50.22,93,75,2.42,GL,1627519225
142,Buin,-70.75,-33.7333,59.05,21,0,4.18,CL,1627519225
143,Rumuruti,36.5389,0.267,58.62,88,99,3.27,KE,1627519226
144,Guerrero Negro,-114.0611,27.9769,73.67,74,0,21.79,MX,1627519226
145,Vanimo,141.3028,-2.6741,85.01,68,30,6.24,PG,1627519227
146,Nānākuli,-158.1547,21.3906,84.15,65,1,11.5,US,1627519227
147,San Vicente,-54.1333,-26.6167,33.37,74,6,3.38,AR,1627519227
148,Saint-Philippe,55.7679,-21.3585,67.59,86,100,20.71,RE,1627519228
149,Cabo San Lucas,-109.9124,22.8909,96.8,55,1,11.5,MX,1627519228
150,Ampanihy,44.75,-24.7,61.25,86,0,6.96,MG,1627519228
151,Marsaxlokk,14.5431,35.8419,82.08,41,0,6.91,MT,1627519229
152,Yar-Sale,70.8333,66.8333,50.18,76,58,1.59,RU,1627519229
153,Meulaboh,96.1285,4.1363,76.89,87,100,3.91,ID,1627519229
154,Tura,90.2201,25.5198,74.03,95,100,7.05,IN,1627519210
155,Poconé,-56.6228,-16.2567,59.09,20,28,10.09,BR,1627519230
156,Hilo,-155.09,19.7297,78.53,85,90,10.36,US,1627519053
157,Hofn,-15.2082,64.2539,53.15,85,100,1.3,IS,1627519145
158,Bambous Virieux,57.7575,-20.3428,71.85,68,75,20.71,MU,1627519230
159,Coolum Beach,153.1,-26.5333,72.34,77,6,6.49,AU,1627519178
160,Cayenne,-52.3333,4.9333,79.09,87,0,0.0,GF,1627519231
161,Deputatsky,139.9,69.3,48.24,56,100,8.28,RU,1627518905
162,Kaitangata,169.8464,-46.2817,52.93,64,28,6.31,NZ,1627519231
163,Meaford,-80.583,44.6001,71.13,83,100,1.72,CA,1627519232
164,Fairbanks,-147.7164,64.8378,62.94,87,90,9.22,US,1627519232
165,Vredendal,18.5012,-31.6683,46.47,85,0,2.68,ZA,1627519232
166,Shatki,44.1249,55.1887,63.77,76,100,3.76,RU,1627519233
167,Redding,-122.3917,40.5865,106.93,15,1,1.99,US,1627518999
168,Buchanan,-10.0467,5.8808,76.1,75,87,7.4,LR,1627519233
169,Tessalit,1.0114,20.1986,89.58,38,16,6.31,ML,1627519234
170,Aykhal,111.5,66.0,74.77,55,5,6.85,RU,1627519234
171,Itapirapuã,-50.6133,-15.8233,76.39,38,96,14.99,BR,1627519234
172,Micheweni,39.8333,-4.9667,74.5,83,0,12.88,TZ,1627519235
173,Nurota,65.6886,40.5614,78.89,17,0,8.08,UZ,1627519235
174,Biak,122.8766,-0.9131,81.12,73,22,6.49,ID,1627519235
175,Sobolevo,31.8996,54.4299,61.77,92,39,5.55,RU,1627519236
176,Ranong,98.6348,9.9658,82.33,87,100,14.05,TH,1627519212
177,General Pico,-63.7568,-35.6566,38.71,47,0,3.22,AR,1627519236
178,Sinnamary,-52.95,5.3833,77.65,86,100,8.48,GF,1627519236
179,Lüderitz,15.1594,-26.6481,53.62,78,0,15.88,NA,1627519237
180,Canberra,149.1281,-35.2835,51.44,64,0,3.0,AU,1627519120
181,Port Alfred,26.891,-33.5906,56.91,86,4,10.31,ZA,1627519237
182,Polewali,119.3435,-3.4324,82.53,64,10,1.68,ID,1627519238
183,Alice Springs,133.8833,-23.7,65.75,52,2,10.36,AU,1627519238
184,Pisco,-76.2167,-13.7,62.65,82,7,17.27,PE,1627519238
185,Kununurra,128.7333,-15.7667,80.58,61,6,4.61,AU,1627519239
186,Half Moon Bay,-122.4286,37.4636,90.57,71,40,10.36,US,1627519026
187,São José da Coroa Grande,-35.1478,-8.8978,73.98,85,0,4.72,BR,1627519239
188,Khatanga,102.5,71.9667,69.31,61,57,10.85,RU,1627519239
189,Hermanus,19.2345,-34.4187,53.91,68,96,23.33,ZA,1627519240
190,Skibbereen,-9.2667,51.55,51.6,78,81,10.47,IE,1627519241
191,Novoutkinsk,59.5571,56.993,42.73,92,100,3.71,RU,1627519241
192,Barra de Tecoanapa,-98.75,16.5167,83.1,72,96,6.85,MX,1627519242
193,Talnakh,88.3972,69.4865,57.18,78,100,4.34,RU,1627519242
194,Kumul,93.45,42.8,91.44,18,100,10.11,CN,1627519243
195,Severo-Kuril'sk,156.125,50.6789,58.93,89,99,4.32,RU,1627519243
196,Vestmannaeyjar,-20.2734,63.4427,54.45,82,27,5.91,IS,1627519243
197,Abonnema,6.7931,4.7084,74.53,83,76,4.09,NG,1627519244
198,Leshukonskoye,45.7622,64.8989,44.19,97,100,3.29,RU,1627519244
199,Petropavlovsk-Kamchatskiy,158.6483,53.0452,73.99,57,0,2.24,RU,1627519244
200,Ilhabela,-45.3581,-23.7781,57.54,84,82,7.9,BR,1627519245
201,Altamira,-52.2064,-3.2033,76.06,59,0,2.19,BR,1627519245
202,South Sioux City,-96.4136,42.4739,93.47,53,1,4.0,US,1627519245
203,Forsytheganj,29.7333,52.6333,65.08,81,6,3.15,BY,1627519246
204,Løpsmarka,14.4493,67.3134,58.5,93,0,5.75,NO,1627519246
205,Boende,20.8667,-0.2167,78.48,39,100,0.69,CD,1627519246
206,Köping,15.9926,59.514,62.53,97,99,4.68,SE,1627519247
207,Presidencia Roque Sáenz Peña,-60.4388,-26.7852,42.12,46,0,5.93,AR,1627519247
208,Omsukchan,155.8,62.5333,38.68,91,100,5.1,RU,1627519247
209,Jingdezhen,117.2079,29.2947,82.33,77,7,4.38,CN,1627519248
210,East London,27.9116,-33.0153,61.66,80,95,10.29,ZA,1627519248
211,Provideniya,-173.3,64.3833,50.11,81,75,13.42,RU,1627519248
212,Ankazoabo,44.5167,-22.2833,58.08,82,0,4.97,MG,1627519248
213,Tuktoyaktuk,-133.0374,69.4541,53.6,76,75,12.66,CA,1627519249
214,Mar del Plata,-57.5575,-38.0023,45.0,65,40,1.01,AR,1627519121
215,Haines Junction,-137.5108,60.7522,67.95,45,32,6.91,CA,1627519249
216,Chernyshevskiy,112.4714,63.0128,74.03,41,9,8.19,RU,1627519250
217,Okhotsk,143.3,59.3833,52.5,83,100,8.7,RU,1627519250
218,Central Point,-122.9164,42.376,101.43,22,1,10.0,US,1627519044
219,Konosha,40.257,60.9736,56.64,97,100,4.23,RU,1627519251
220,La Tuque,-72.7824,47.4334,64.65,55,100,2.3,CA,1627519251
221,Khatīma,79.9667,28.9167,81.01,82,100,2.48,IN,1627519251
222,Gari,62.3497,59.4307,44.92,81,100,6.15,RU,1627519251
223,Pevek,170.3133,69.7008,33.03,96,100,25.52,RU,1627519252
224,Bairiki Village,172.9752,1.3292,86.0,70,20,6.91,KI,1627519252
225,Prince Rupert,-130.3201,54.3161,59.09,85,90,5.75,CA,1627519033
226,Fairfield,-73.3162,41.2668,73.65,79,1,0.0,US,1627519252
227,Dingle,122.6711,10.9995,86.07,70,51,15.82,PH,1627519253
228,Rio Grande,-52.0986,-32.035,39.94,77,19,21.77,BR,1627519253
229,Thinadhoo,72.9333,0.5333,81.0,70,99,2.21,MV,1627519118
230,Pontes e Lacerda,-59.3353,-15.2261,59.83,16,0,10.71,BR,1627519253
231,Lagoa,-27.9833,39.05,69.67,89,98,7.18,PT,1627519254
232,Buncrana,-7.45,55.1333,56.39,96,100,19.35,IE,1627519254
233,Ketchikan,-131.6461,55.3422,68.47,56,75,8.05,US,1627519166
234,San Quintín,-115.95,30.4833,72.1,76,0,17.13,MX,1627519254
235,Bosaso,49.1816,11.2842,86.14,46,100,25.48,SO,1627519217
236,Yantongshan,126.0094,43.2919,84.63,63,100,4.27,CN,1627519255
237,Winsum,6.5208,53.33,59.99,36,17,19.33,NL,1627519255
238,Lorengau,147.2712,-2.0226,84.72,72,91,6.58,PG,1627519256
239,Ponta do Sol,-17.1,32.6667,71.71,80,16,6.04,PT,1627519256
240,Nikolskoye,30.7861,59.7035,64.8,97,100,6.4,RU,1627519256
241,Nelson,173.2833,-41.2833,56.7,94,23,1.99,NZ,1627519131
242,Pangnirtung,-65.7125,66.1451,52.36,57,46,2.77,CA,1627519257
243,Ballina,153.5667,-28.8667,69.98,60,40,10.36,AU,1627519257
244,Springbok,17.8865,-29.6643,38.07,92,0,2.51,ZA,1627519257
245,Clyde River,-68.5914,70.4692,46.63,81,75,8.05,CA,1627519257
246,High Level,-117.136,58.5169,77.11,33,40,4.61,CA,1627519258
247,Acapulco de Juárez,-99.8901,16.8634,85.82,74,75,12.66,MX,1627519186
248,Kupino,77.2981,54.3663,60.62,69,75,5.68,RU,1627519258
249,Nanortalik,-45.2371,60.1432,44.53,90,57,8.63,GL,1627519258
250,Hope,-93.5916,33.6671,93.25,49,66,4.97,US,1627519259
251,Riwaka,173.0,-41.0833,58.59,67,65,3.85,NZ,1627519259
252,Arlit,7.3853,18.7369,89.78,38,100,7.36,NE,1627519259
253,Fortuna,-124.1573,40.5982,72.86,73,1,1.99,US,1627519260
254,Kombissiri,-1.3375,12.0656,75.18,87,78,9.44,BF,1627519260
255,Kavieng,150.7967,-2.5744,84.99,69,31,6.8,PG,1627519260
256,South Kazakhstan Region,68.0,43.0,74.66,28,6,4.38,KZ,1627519261
257,Ixtapa,-105.2,20.7,87.03,70,20,11.5,MX,1627518881
258,Salinas,-121.6555,36.6777,89.56,68,1,9.22,US,1627519237
259,Sitka,-135.33,57.0531,67.89,60,40,11.5,US,1627519261
260,Ostrovnoy,39.5131,68.0531,46.13,75,100,3.87,RU,1627519261
261,Karasjok,25.5112,69.4719,46.51,81,100,6.76,NO,1627519262
262,Gorontalo,123.0595,0.5412,86.13,65,18,4.38,ID,1627519262
263,Lompoc,-120.4579,34.6391,83.57,76,90,14.97,US,1627519262
264,Rosarito,-117.0333,32.3333,92.93,60,0,12.77,MX,1627519263
265,Manggar,108.2667,-2.8833,82.51,74,99,12.33,ID,1627519263
266,Kattivākkam,80.3167,13.2167,86.09,60,100,14.72,IN,1627519263
267,Fontem,9.8818,5.4685,63.95,96,100,1.07,CM,1627519264
268,Bengkulu,102.2655,-3.8004,78.08,78,100,4.27,ID,1627519264
269,Pokhara,83.9833,28.2333,75.22,84,78,1.36,NP,1627519264
270,Mwinilunga,24.4293,-11.7358,50.2,53,3,4.05,ZM,1627519265
271,Saposoa,-76.7716,-6.934,77.61,91,74,3.27,PE,1627519265
272,Champerico,-91.9167,14.3,85.35,86,100,7.63,GT,1627519265
273,Sambava,50.1667,-14.2667,65.53,77,0,6.91,MG,1627519265
274,Mount Gambier,140.7667,-37.8333,51.71,93,90,11.5,AU,1627519266
275,Hamilton,-84.5333,39.1834,85.44,71,20,6.91,US,1627519266
276,Lucapa,20.7447,-8.4192,61.21,29,0,4.88,AO,1627519266
277,Puri,85.85,19.8,80.38,89,100,20.92,IN,1627519267
278,Esperance,121.9,-33.8667,58.84,75,76,24.94,AU,1627519265
279,Pābna,89.25,24.0,77.88,93,100,14.34,BD,1627519267
280,Necochea,-58.7368,-38.5473,37.04,76,21,8.46,AR,1627519267
281,Sangmélima,11.9833,2.9333,67.91,94,100,3.8,CM,1627519267
282,Darnah,22.6367,32.767,77.74,71,0,13.58,LY,1627519268
283,Bonthe,-12.505,7.5264,77.07,74,100,10.16,SL,1627519268
284,Kieta,155.6333,-6.2167,84.79,66,40,3.69,PG,1627519268
285,Berdigestyakh,126.6992,62.0989,65.52,37,0,5.64,RU,1627519269
286,Verkhnevilyuysk,120.3167,63.4453,68.4,44,4,5.64,RU,1627519269
287,Sterling,-77.4286,39.0062,85.08,65,75,3.44,US,1627519192
288,Tiksi,128.8694,71.6872,43.56,76,41,8.81,RU,1627519270
289,Nortelândia,-56.8028,-14.4547,63.52,30,0,9.82,BR,1627519270
290,Kindersley,-109.1682,51.4668,83.98,21,75,5.75,CA,1627519271
291,Nuuk,-51.7216,64.1835,43.41,93,75,12.66,GL,1627519271
292,Saint Anthony,-93.218,45.0205,89.92,67,1,8.05,US,1627519271
293,Beaverlodge,-119.4361,55.2166,78.15,29,53,5.91,CA,1627519271
294,Nabire,135.4833,-3.3667,83.23,79,10,0.65,ID,1627519272
295,Marsh Harbour,-77.0636,26.5412,83.93,73,80,6.44,BS,1627519272
296,Matara,80.5353,5.9485,77.97,90,100,10.29,LK,1627519273
297,Beringovskiy,179.3167,63.05,48.16,72,100,16.91,RU,1627519273
298,Caravelas,-39.2481,-17.7125,73.98,88,5,10.67,BR,1627519273
299,Pandan,124.1694,14.0453,85.03,70,100,13.8,PH,1627519274
300,Birobidzhan,132.95,48.8,87.06,53,87,4.21,RU,1627519274
301,Siempre Viva,121.6329,17.2287,82.62,79,100,3.51,PH,1627519274
302,Casper,-106.3131,42.8666,95.0,24,1,8.99,US,1627519275
303,Calvià,2.5062,39.5657,73.92,55,0,5.01,ES,1627519275
304,Mackenzie,-123.1698,55.2999,71.82,46,75,9.22,CA,1627519275
305,Vung Tau,107.0843,10.346,82.02,80,100,15.1,VN,1627519276
306,Itarema,-39.9167,-2.9248,78.69,84,37,12.12,BR,1627519276
307,Havøysund,24.6622,70.9963,47.28,90,93,7.74,NO,1627519276
308,Isangel,169.2667,-19.55,80.71,57,75,5.75,VU,1627519277
309,Vao,167.4833,-22.6667,70.03,67,100,16.33,NC,1627518903
310,Kokkola,23.1307,63.8385,66.92,88,0,2.3,FI,1627519277
311,Iguaí,-40.0892,-14.7564,65.3,95,0,3.0,BR,1627519277
312,Nichinan,131.3667,31.6,83.35,59,0,2.77,JP,1627519278
313,Halifax,-63.5724,44.6453,66.09,86,0,3.0,CA,1627519278
314,Ahipara,173.1667,-35.1667,61.84,71,36,8.43,NZ,1627519278
315,Nouadhibou,-17.0347,20.931,67.98,88,0,14.97,MR,1627519279
316,Sarankhola,89.7897,22.3082,77.99,95,100,14.83,BD,1627519279
317,Berlevåg,29.0864,70.8578,46.54,94,100,10.49,NO,1627519263
318,Asău,26.4,46.4333,66.96,77,17,6.06,RO,1627519279
319,Hirara,125.2833,24.8,84.47,89,40,4.61,JP,1627519280
320,Marabu,114.0089,4.4148,78.94,94,40,4.61,MY,1627519095
321,Yakymivka,35.1536,46.6897,70.84,73,4,6.2,UA,1627519280
322,Pampierstad,24.6877,-27.7832,46.76,46,0,7.52,ZA,1627519280
323,Laramie,-105.5911,41.3114,89.69,19,1,1.99,US,1627519266
324,Klaksvík,-6.589,62.2266,54.52,99,100,14.27,FO,1627519281
325,Nelson Bay,152.15,-32.7167,63.95,53,0,19.95,AU,1627519281
326,San Policarpo,125.5072,12.1791,87.46,60,89,5.5,PH,1627519281
327,Sechura,-80.8222,-5.5569,67.91,81,2,16.33,PE,1627519282
328,Pitimbu,-34.8086,-7.4706,73.99,84,0,10.29,BR,1627519282
329,Malpe,74.7167,13.35,78.1,86,100,9.78,IN,1627519160
330,Menongue,17.691,-14.6585,46.99,47,2,4.47,AO,1627519282
331,Belaya Gora,146.4167,68.5333,47.48,58,100,9.35,RU,1627519283
332,Motygino,94.7592,58.1831,54.73,98,100,6.78,RU,1627519283
333,Salalah,54.0924,17.0151,78.89,89,90,10.36,OM,1627519283
334,Lucea,-78.1736,18.451,84.06,82,88,11.68,JM,1627519284
335,Marzuq,46.4667,14.4,74.55,75,100,7.31,YE,1627519284
336,Puerto Cabezas,-83.3888,14.0351,78.55,88,97,9.13,NI,1627519284
337,Māgadi,77.2333,12.9667,69.96,89,100,11.27,IN,1627519284
338,Port Lincoln,135.8667,-34.7333,55.02,65,0,17.22,AU,1627519285
339,Bereda,-7.5406,43.2686,59.92,100,39,3.09,ES,1627519285
340,Sept-Îles,-66.3821,50.2001,60.26,78,75,1.01,CA,1627519278
341,Farmington,-108.2187,36.7281,91.78,25,1,10.36,US,1627519286
342,Jalu,21.5482,29.0331,80.15,44,0,10.16,LY,1627519286
343,Corinth,22.9573,37.9407,86.49,42,0,3.51,GR,1627519286
344,Varzelândia,-44.0275,-15.7014,71.35,33,0,3.87,BR,1627519287
345,Cayce,-81.074,33.9657,87.75,78,75,3.0,US,1627519287
346,Urubichá,-62.95,-15.3833,59.79,16,89,8.05,BO,1627519287
347,Peniche,-9.3811,39.3558,66.72,88,0,18.66,PT,1627519288
348,Nome,-165.4064,64.5011,51.87,87,90,21.85,US,1627519288
349,Ucluelet,-125.5528,48.9329,87.96,71,0,1.01,CA,1627519278
350,Am Timan,20.2827,11.0297,71.58,96,100,4.56,TD,1627519288
351,Morón,-58.6198,-34.6534,46.15,71,5,1.01,AR,1627519268
352,Manyana,21.7167,-23.4,49.42,43,0,8.55,BW,1627519289
353,Victor Harbor,138.6167,-35.5667,56.46,78,11,1.01,AU,1627519289
354,Labuan,115.2417,5.2767,82.56,94,40,6.91,MY,1627519289
355,Kyren,102.1408,51.6828,61.12,98,100,0.85,RU,1627519289
356,Maceió,-35.7353,-9.6658,71.04,94,0,2.3,BR,1627519290
357,Sławno,16.6789,54.3628,61.27,88,0,8.37,PL,1627519290
358,Vostok,135.8833,46.4856,86.2,54,67,3.11,RU,1627519290
359,Saint-Augustin,-58.6502,51.226,57.18,91,66,8.3,CA,1627519291
360,Kamaishi,141.8833,39.2667,81.55,86,73,5.41,JP,1627519291
361,Bani Walid,13.9942,31.7566,70.93,67,0,2.33,LY,1627519291
362,Pa Daet,99.9924,19.5049,77.16,95,100,2.37,TH,1627519292
363,Camocim,-40.8411,-2.9022,76.98,87,27,9.28,BR,1627519292
364,Pemangkat,108.9667,1.1667,82.44,79,35,9.69,ID,1627519292
365,Pervomayskiy,40.2871,53.2485,64.13,84,100,5.44,RU,1627519292
366,Carutapera,-46.02,-1.195,76.14,87,5,5.35,BR,1627519293
367,Alugan,125.4808,12.2188,87.75,59,89,5.35,PH,1627519293
368,Dryden,-92.7503,49.7833,75.49,64,90,8.05,CA,1627519293
369,Te Anau,167.7167,-45.4167,52.21,71,82,2.28,NZ,1627519294
370,Lubumbashi,27.4794,-11.6609,50.67,54,0,3.47,CD,1627519294
371,Namatanai,152.4333,-3.6667,84.72,66,24,2.28,PG,1627519294
372,Dovers,-61.1833,12.8833,81.12,80,60,17.72,VC,1627519295
373,Bar Harbor,-68.2039,44.3876,64.54,67,1,0.0,US,1627519023
374,Olean,-78.4297,42.0776,74.08,77,1,4.61,US,1627519295
375,Myanaung,95.3167,18.2833,80.42,86,100,8.34,MM,1627519295
376,Mareeba,145.4333,-17.0,86.32,33,1,2.06,AU,1627519296
377,Srednekolymsk,153.6833,67.45,38.43,97,100,8.75,RU,1627519296
378,Aswān,32.907,24.0934,88.9,20,0,11.5,EG,1627519296
379,Ebebiyin,11.3353,2.1511,66.11,98,94,3.4,GQ,1627519297
380,Saldanha,17.9442,-33.0117,50.05,81,33,11.52,ZA,1627519297
381,Wanxian,108.3897,30.8039,82.6,79,0,1.28,CN,1627519297
382,Charlottesville,-78.4767,38.0293,86.27,71,99,4.0,US,1627519130
383,Flinders,150.8552,-34.5833,60.19,47,0,7.0,AU,1627519298
384,Artigas,-56.4667,-30.4,36.48,76,25,7.74,UY,1627519167
385,Boyolangu,111.8935,-8.1181,78.58,77,66,5.91,ID,1627519298
386,Chilca,-76.7372,-12.5211,60.96,87,80,7.14,PE,1627519298
387,Batemans Bay,150.1833,-35.7167,62.1,29,0,2.82,AU,1627519299
388,Kirovsk,38.6428,48.6375,69.55,62,20,7.81,UA,1627519299
389,Shelburne,-80.2041,44.0787,68.76,78,100,5.26,CA,1627519299
390,Oromocto,-66.4792,45.8351,65.95,52,20,3.44,CA,1627519299
391,Bayan,127.4,46.0833,73.71,86,100,2.08,CN,1627519300
392,Chu,73.7614,43.5983,73.38,21,0,1.05,KZ,1627519300
393,Maniitsoq,-52.9,65.4167,47.52,81,100,11.32,GL,1627519300
394,Jensen Beach,-80.2298,27.2545,80.02,94,75,0.0,US,1627519301
395,Honningsvåg,25.9704,70.9821,46.29,89,100,9.1,NO,1627519301
396,Faya,42.4509,18.3851,64.51,67,94,6.06,SA,1627519301
397,Zaria,7.7227,11.1113,69.87,93,100,4.59,NG,1627519302
398,Bambanglipuro,110.2833,-7.95,78.62,74,86,4.0,ID,1627519302
399,Nara,135.8049,34.6851,89.96,53,4,5.35,JP,1627519302
400,Ribeira Grande,-28.7,38.5167,70.97,86,14,9.46,PT,1627519303
401,Vicuña,-70.7081,-30.0319,42.53,14,0,3.87,CL,1627519303
402,Bilibino,166.4372,68.0546,38.75,86,100,5.97,RU,1627519303
403,Kumëny,49.9161,58.1089,50.52,70,1,7.34,RU,1627519304
404,Ambikāpur,83.2,23.1167,72.16,93,100,6.42,IN,1627519304
405,Yangambi,24.4336,0.8102,73.29,78,100,2.08,CD,1627519304
406,Dodge City,-100.0171,37.7528,97.05,41,1,10.0,US,1627519156
407,Kaeo,173.7833,-35.1,66.33,66,91,7.99,NZ,1627519305
408,Manokwari,134.0833,-0.8667,83.1,72,68,3.85,ID,1627519305
409,Havelock,-76.9013,34.8791,80.55,92,90,3.0,US,1627519305
410,Mehamn,27.8492,71.0357,46.18,93,100,9.73,NO,1627519306
411,‘Āhuimanu,-157.8378,21.4447,83.91,69,90,11.5,US,1627519306
412,Wum,10.0667,6.3833,61.63,97,100,3.29,CM,1627519306
413,Maragogi,-35.2225,-9.0122,73.53,86,0,4.23,BR,1627519191
414,Balkanabat,54.3671,39.5108,81.28,43,100,2.42,TM,1627519307
415,Mossamedes,12.1522,-15.1961,62.98,87,5,3.15,AO,1627519307
416,Ubari,12.7805,26.5921,82.17,22,0,11.52,LY,1627519307
417,Coahuayana Viejo,-103.6833,18.7333,80.08,81,77,2.24,MX,1627519308
418,Camacha,-16.3333,33.0833,67.42,78,40,12.66,PT,1627519272
419,Sovetskiy,63.5842,61.3614,44.92,84,100,6.89,RU,1627519308
420,Port Blair,92.75,11.6667,82.0,84,100,18.61,IN,1627519308
421,Nesbyen,9.1027,60.5681,63.57,95,88,3.0,NO,1627519309
422,San Alberto,-73.3922,7.7611,77.97,86,100,6.33,CO,1627519309
423,Chifeng,118.9636,42.2683,70.81,87,100,1.52,CN,1627519202
424,Kannur,75.3576,11.8675,76.28,88,100,4.03,IN,1627519309
425,Fare,-151.0167,-16.7,78.1,70,5,2.8,PF,1627519309
426,Torbay,-52.7314,47.6666,67.75,94,75,10.36,CA,1627519310
427,Gospić,15.3747,44.5461,65.89,47,1,1.28,HR,1627519310
428,Kitimat,-128.6534,54.0524,71.98,81,100,1.12,CA,1627519258
429,Rudovci,20.4051,44.3801,78.28,39,74,3.24,RS,1627519311
430,Ambon City,128.1814,-3.6954,75.34,100,40,4.61,ID,1627519311
431,Pemberton,-122.8027,50.3164,91.09,23,9,5.97,CA,1627519311
432,Kamenka,42.7678,51.3223,68.43,48,100,6.55,RU,1627519311
433,Koltubanovskiy,52.0269,52.9407,54.88,56,0,2.13,RU,1627519312
434,São Félix do Xingu,-51.995,-6.6447,76.42,42,0,0.72,BR,1627519059
435,Pindi Gheb,72.2661,33.2402,80.73,82,86,8.77,PK,1627519312
436,Huarmey,-78.1522,-10.0681,66.09,82,25,11.23,PE,1627519312
437,Itapagé,-39.5861,-3.6867,70.95,90,6,3.4,BR,1627519313
438,Samarai,150.6667,-10.6167,79.9,85,61,7.92,PG,1627519270
439,Aksay,39.87,47.26,74.25,50,0,4.0,RU,1627519313
440,Drayton Valley,-114.9854,53.2168,74.91,40,3,4.99,CA,1627519313
441,Morant Bay,-76.4093,17.8815,83.82,85,13,6.96,JM,1627519314
442,Waipawa,175.5153,-41.4122,54.23,65,2,3.89,NZ,1627519314
443,Tuatapere,167.6833,-46.1333,54.82,67,94,6.8,NZ,1627519291
444,Manta,-80.7333,-0.95,74.98,83,90,5.75,EC,1627519314
445,Port Hardy,-127.4199,50.6996,71.78,64,40,9.22,CA,1627519315
446,Inta,60.1659,66.0317,45.23,90,98,1.21,RU,1627519315
447,Panabá,-88.2667,21.2833,84.7,62,84,10.71,MX,1627519315
448,Andenes,16.1194,69.3143,48.18,93,90,20.71,NO,1627519316
449,Yatou,122.3833,37.15,82.63,71,79,15.55,CN,1627519316
450,Bodden Town,-81.25,19.2833,87.8,83,75,1.99,KY,1627519316
451,Yataity,-56.0667,-26.3667,42.19,49,0,5.88,PY,1627519317
452,Korla,86.1469,41.7597,89.91,20,11,12.95,CN,1627519317
453,Rawson,-65.1023,-43.3002,48.13,55,33,5.5,AR,1627519317
454,Avera,-82.5271,33.194,86.72,61,98,3.67,US,1627519318
455,Cravo Norte,-70.2041,6.3017,74.66,89,91,3.76,CO,1627519318
456,Port Macquarie,152.9167,-31.4333,63.37,41,3,10.78,AU,1627519318
457,Ambilobe,49.05,-13.2,66.25,80,75,3.69,MG,1627519318
458,Bitkine,18.2138,11.9801,74.07,88,100,1.34,TD,1627519319
459,Iqaluit,-68.5145,63.7506,47.93,75,75,11.01,CA,1627518904
460,Icatu,-44.0658,-2.7758,79.23,90,56,6.55,BR,1627519319
461,Calderitas,-88.25,18.55,82.51,78,75,11.5,MX,1627519319
462,Estación Coahuila,-115.0017,32.1939,108.7,18,0,6.93,MX,1627519320
463,Castrillón,-6.7922,43.3979,63.14,92,91,1.59,ES,1627519320
464,Karratha,116.8463,-20.7377,69.87,60,1,9.95,AU,1627519320
465,Bud,-86.1758,39.447,84.18,75,100,4.97,US,1627519300
466,Miyang,103.4428,24.4042,71.49,87,44,1.7,CN,1627519321
467,Darhan,105.9228,49.4867,66.63,69,100,2.66,MN,1627519321
468,Florø,5.0328,61.5996,62.24,100,75,6.91,NO,1627519321
469,Longyearbyen,15.6401,78.2186,42.64,93,90,11.5,SJ,1627519317
470,Igrim,64.4162,63.1906,42.8,96,55,2.3,RU,1627519322
471,Bonfim,-59.95,3.0833,76.71,81,100,5.68,BR,1627519322
472,Auki,160.7034,-8.7676,85.48,64,31,1.52,SB,1627519322
473,Faribault,-93.2688,44.295,89.67,84,40,6.91,US,1627519323
474,Bandarbeyla,50.8122,9.4942,79.23,68,100,24.02,SO,1627519315
475,Paamiut,-49.6678,61.994,44.58,85,79,2.77,GL,1627519294
476,Yakeshi,120.7333,49.2833,71.15,75,58,8.08,CN,1627519323
477,Anloga,0.8973,5.7947,75.42,81,100,10.22,GH,1627519323
478,Tabat,115.2274,-2.635,81.72,71,78,2.17,ID,1627519324
479,Provost,-110.2683,52.3501,84.65,25,9,8.32,CA,1627519324
480,Washington,-120.5015,47.5001,94.33,22,99,7.05,US,1627519324
481,Bom Jesus,-44.3586,-9.0744,73.65,36,0,0.74,BR,1627519325
482,Zhigansk,123.3711,66.7697,63.82,48,84,6.91,RU,1627519325
483,Saint-François,3.9054,46.4154,60.24,94,90,2.3,FR,1627519325
484,Arrondissement de Nogent-le-Rotrou,1.0,48.3333,54.64,91,0,9.4,FR,1627519326
485,Talcahuano,-73.1167,-36.7167,55.08,62,0,2.3,CL,1627519326
486,Porbandar,69.6093,21.6422,81.88,84,100,24.32,IN,1627519210
487,Shache,77.2406,38.4167,82.36,25,6,7.83,CN,1627519326
488,Igarka,86.5833,67.4667,55.65,78,100,5.95,RU,1627519327
489,Sørland,12.6934,67.667,51.73,87,10,23.89,NO,1627519327
490,Bay Roberts,-53.2648,47.5999,68.5,95,100,1.99,CA,1627519327
491,Huilong,121.655,31.8111,85.03,87,20,20.29,CN,1627519327
492,La Ronge,-105.2842,55.1001,73.65,33,20,2.3,CA,1627519328
493,Giddalūr,78.9167,15.35,76.3,74,100,15.84,IN,1627519328
494,Hūn,15.9477,29.1268,76.86,58,0,2.95,LY,1627519328
495,Palu,119.8707,-0.8917,85.24,69,18,1.23,ID,1627519329
496,Lipari,14.954,38.4674,82.54,70,0,6.58,IT,1627519329
497,Yārāda,83.2667,17.65,83.91,71,100,8.34,IN,1627519329
498,Missoula,-113.8009,47.0166,81.84,36,88,3.09,US,1627519213
499,Chumikan,135.315,54.7183,55.92,95,100,13.82,RU,1627519330
500,Alta,23.2717,69.9689,49.26,76,90,3.0,NO,1627519330
501,Bela,81.9833,25.9333,79.99,87,100,8.97,IN,1627519330
502,Chongqing,106.5528,29.5628,85.23,79,0,4.0,CN,1627519331
503,Fairhaven,-70.9036,41.6376,68.97,78,1,3.44,US,1627519331
504,Hambantota,81.1185,6.1241,79.14,89,75,6.91,LK,1627519331
505,Angoche,39.9086,-16.2325,69.35,71,0,7.31,MZ,1627519331
506,Seoul,126.9778,37.5683,86.41,72,75,4.61,KR,1627518590
507,Rengasdengklok,107.2981,-6.1592,80.56,69,5,4.27,ID,1627519332
508,Casa Grande,-111.7573,32.8795,106.32,25,1,3.0,US,1627519332
509,Marystown,-55.1483,47.1666,60.31,97,79,6.15,CA,1627519332
510,Iwanai,140.5089,42.9744,79.03,77,86,4.9,JP,1627519333
511,Jiuquan,98.5174,39.7432,82.11,18,0,1.48,CN,1627519333
512,Khuzhir,107.3397,53.1939,59.49,73,0,6.78,RU,1627519333
513,Ghanzi,21.7833,-21.5667,50.41,43,0,8.12,BW,1627519334
514,Sibolga,98.7792,1.7427,78.69,80,100,1.59,ID,1627519334
515,Japura,102.35,-0.3167,77.32,61,15,3.91,ID,1627519334
516,Kawalu,108.2082,-7.3817,74.57,79,78,2.01,ID,1627519334
517,San Jose,-121.895,37.3394,96.08,45,40,5.99,US,1627519200
518,Hanzhong,107.0303,33.0728,76.37,74,3,1.34,CN,1627519335
519,Río Gallegos,-69.2181,-51.6226,46.45,76,0,12.66,AR,1627519294
520,Ardakān,54.0175,32.31,82.78,24,42,7.54,IR,1627519335
521,Visby,18.296,57.6409,67.77,94,0,8.05,SE,1627519336
522,Yamoto,141.2149,38.4274,80.58,84,76,2.84,JP,1627519336
523,San Jerónimo,-75.2829,-11.9472,47.71,73,19,5.75,PE,1627519336
524,Hangu,117.7892,39.2489,77.05,93,100,8.68,CN,1627519337
525,Vitim,112.5578,59.4511,78.78,38,6,12.39,RU,1627519337
526,Gazli,63.45,40.1333,81.16,19,0,8.14,UZ,1627519337
527,Daultala,73.1413,33.1925,75.61,92,100,5.35,PK,1627519338
528,Oswego,-76.1497,43.4501,71.55,80,0,0.65,US,1627519268
529,Mariehamn,19.9348,60.0973,66.06,94,0,5.75,AX,1627519338
530,Bluefield,-81.2223,37.2698,80.44,44,1,4.61,US,1627519338
531,Aného,1.6,6.2333,75.4,82,89,8.41,TG,1627519338
532,Shimoda,138.95,34.6667,86.36,81,60,10.47,JP,1627519339
533,Fuyu,124.8167,45.1833,79.57,71,100,3.33,CN,1627519339
534,Katsuura,140.3,35.1333,86.14,77,21,14.81,JP,1627519339
535,Viedma,-62.9967,-40.8135,44.13,50,0,9.24,AR,1627519340
536,Mildura,142.15,-34.2,53.08,66,0,8.05,AU,1627519340
537,Arinos,-46.1056,-15.9169,71.46,38,0,3.65,BR,1627519340
538,Huaicheng,112.1931,23.9051,86.79,72,14,1.19,CN,1627519341
539,Sooke,-123.7276,48.3746,82.29,42,100,9.75,CA,1627519109
540,Novokizhinginsk,109.5917,51.6115,68.97,60,3,4.61,RU,1627519341
541,Umluj,37.2685,25.0213,85.62,70,20,5.39,SA,1627519341
542,Imbituba,-48.6703,-28.24,53.49,60,8,13.51,BR,1627519342
543,Sorong,131.25,-0.8833,82.71,78,100,3.65,ID,1627519342
544,Onokhoy,108.0747,51.932,64.15,59,0,6.08,RU,1627519343
545,Bushehr,50.8385,28.9684,98.69,34,55,27.63,IR,1627519343
546,Vilhena,-60.1458,-12.7406,65.14,41,0,8.25,BR,1627519343
547,Koumac,164.2833,-20.5667,75.42,55,0,2.57,NC,1627519343
548,Stephenville,-98.2023,32.2207,93.54,44,1,5.75,US,1627519336
549,Acajutla,-89.8275,13.5928,89.94,81,98,4.25,SV,1627519268
550,Orvault,-1.6219,47.271,58.87,88,0,3.44,FR,1627519344
551,San Fernando,120.6898,15.0286,80.96,90,100,6.98,PH,1627519082
552,Ust'-Ilimsk,102.6619,58.0006,81.09,37,4,3.4,RU,1627519344
553,Alamosa,-105.87,37.4695,80.11,41,1,14.97,US,1627519344
554,Farafenni,-15.6,13.5667,77.7,80,100,8.25,GM,1627519345
555,Vila Franca do Campo,-25.4333,37.7167,70.21,87,52,7.45,PT,1627519345
556,Nogliki,143.1667,51.8333,67.73,84,100,6.17,RU,1627519345
557,Thunder Bay,-89.3168,48.4001,71.58,81,75,8.05,CA,1627519112
558,Zyryanka,150.85,65.75,39.49,90,100,13.02,RU,1627519346
559,Province of Mantua,10.7833,45.1667,73.71,84,2,2.75,IT,1627519346
560,Cootamundra,148.0333,-34.65,46.94,76,31,11.18,AU,1627519346
561,Waldoboro,-69.3756,44.0954,65.71,74,4,2.3,US,1627519347
562,Mashhad,59.6062,36.297,73.54,35,0,0.0,IR,1627519076
563,Colares,-9.4469,38.7992,66.43,76,0,15.01,PT,1627519347
564,North Platte,-100.7654,41.1239,99.0,36,1,7.0,US,1627519328
565,Outlook,-107.0513,51.5001,83.89,20,4,3.65,CA,1627519348
566,Buloh Kasap,102.764,2.5536,76.91,85,100,3.42,MY,1627519348
567,Tsimmerbude,20.1347,54.675,68.05,91,19,7.09,RU,1627519348
568,Severnyy,36.5532,50.677,69.84,78,0,2.24,RU,1627519348
569,Hadejia,10.0444,12.4498,72.01,87,99,2.91,NG,1627519349
570,Udachny,112.4,66.4167,76.06,49,20,11.5,RU,1627519330
571,Tikrit,43.6782,34.6071,87.24,22,0,6.29,IQ,1627519349
572,Calahorra,-1.9652,42.3051,66.11,82,0,5.77,ES,1627519349
